Latitud,Longitud,Fecha,HoraUTC,Satélites,HDOP,ERROR

---- Procesamiento: 2025-09-10 23:11:01 ----

---- Procesamiento: 2025-09-10 23:11:02 ----

---- Procesamiento: 2025-09-10 23:11:02 ----

---- Procesamiento: 2025-09-10 23:11:02 ----

---- Procesamiento: 2025-09-10 23:11:02 ----

---- Procesamiento: 2025-09-10 23:11:02 ----

---- Procesamiento: 2025-09-10 23:11:03 ----

---- Procesamiento: 2025-09-10 23:11:03 ----

---- Procesamiento: 2025-09-10 23:11:03 ----

---- Procesamiento: 2025-09-10 23:11:03 ----

---- Procesamiento: 2025-09-10 23:11:03 ----

---- Procesamiento: 2025-09-10 23:11:04 ----

---- Procesamiento: 2025-09-10 23:11:04 ----

---- Procesamiento: 2025-09-10 23:11:04 ----

---- Procesamiento: 2025-09-10 23:11:04 ----

---- Procesamiento: 2025-09-10 23:11:04 ----

---- Procesamiento: 2025-09-10 23:11:05 ----

---- Procesamiento: 2025-09-10 23:11:05 ----

---- Procesamiento: 2025-09-10 23:11:05 ----

---- Procesamiento: 2025-09-10 23:11:05 ----

---- Procesamiento: 2025-09-10 23:11:05 ----

---- Procesamiento: 2025-09-10 23:11:06 ----

---- Procesamiento: 2025-09-10 23:11:06 ----

---- Procesamiento: 2025-09-10 23:11:06 ----

---- Procesamiento: 2025-09-10 23:11:06 ----

---- Procesamiento: 2025-09-10 23:11:06 ----

---- Procesamiento: 2025-09-10 23:11:07 ----

---- Procesamiento: 2025-09-10 23:11:07 ----

---- Procesamiento: 2025-09-10 23:11:07 ----

---- Procesamiento: 2025-09-10 23:11:07 ----

---- Procesamiento: 2025-09-10 23:11:07 ----

---- Procesamiento: 2025-09-10 23:11:08 ----

---- Procesamiento: 2025-09-10 23:11:08 ----

---- Procesamiento: 2025-09-10 23:11:08 ----

---- Procesamiento: 2025-09-10 23:11:08 ----

---- Procesamiento: 2025-09-10 23:11:08 ----

---- Procesamiento: 2025-09-10 23:11:09 ----

---- Procesamiento: 2025-09-10 23:11:09 ----

---- Procesamiento: 2025-09-10 23:11:09 ----

---- Procesamiento: 2025-09-10 23:11:09 ----

---- Procesamiento: 2025-09-10 23:11:09 ----

---- Procesamiento: 2025-09-10 23:11:10 ----

---- Procesamiento: 2025-09-10 23:11:10 ----

---- Procesamiento: 2025-09-10 23:11:10 ----

---- Procesamiento: 2025-09-10 23:11:10 ----

---- Procesamiento: 2025-09-10 23:11:10 ----

---- Procesamiento: 2025-09-10 23:11:11 ----

---- Procesamiento: 2025-09-10 23:11:11 ----

---- Procesamiento: 2025-09-10 23:11:11 ----

---- Procesamiento: 2025-09-10 23:11:11 ----

---- Procesamiento: 2025-09-10 23:11:11 ----

---- Procesamiento: 2025-09-10 23:11:12 ----

---- Procesamiento: 2025-09-10 23:11:12 ----

---- Procesamiento: 2025-09-10 23:11:12 ----

---- Procesamiento: 2025-09-10 23:11:12 ----

---- Procesamiento: 2025-09-10 23:11:12 ----

---- Procesamiento: 2025-09-10 23:11:13 ----

---- Procesamiento: 2025-09-10 23:11:13 ----

---- Procesamiento: 2025-09-10 23:11:13 ----

---- Procesamiento: 2025-09-10 23:11:13 ----

---- Procesamiento: 2025-09-10 23:11:13 ----

---- Procesamiento: 2025-09-10 23:11:14 ----

---- Procesamiento: 2025-09-10 23:11:14 ----

---- Procesamiento: 2025-09-10 23:11:14 ----

---- Procesamiento: 2025-09-10 23:11:14 ----

---- Procesamiento: 2025-09-10 23:11:14 ----

---- Procesamiento: 2025-09-10 23:11:15 ----

---- Procesamiento: 2025-09-10 23:11:15 ----

---- Procesamiento: 2025-09-10 23:11:15 ----

---- Procesamiento: 2025-09-10 23:11:15 ----

---- Procesamiento: 2025-09-10 23:11:15 ----

---- Procesamiento: 2025-09-10 23:11:16 ----

---- Procesamiento: 2025-09-10 23:11:16 ----

---- Procesamiento: 2025-09-10 23:11:16 ----

---- Procesamiento: 2025-09-10 23:11:16 ----

---- Procesamiento: 2025-09-10 23:11:16 ----

---- Procesamiento: 2025-09-10 23:11:17 ----

---- Procesamiento: 2025-09-10 23:11:17 ----

---- Procesamiento: 2025-09-10 23:11:17 ----

---- Procesamiento: 2025-09-10 23:11:17 ----

---- Procesamiento: 2025-09-10 23:11:17 ----

---- Procesamiento: 2025-09-10 23:11:18 ----

---- Procesamiento: 2025-09-10 23:11:18 ----

---- Procesamiento: 2025-09-10 23:11:18 ----

---- Procesamiento: 2025-09-10 23:11:18 ----

---- Procesamiento: 2025-09-10 23:11:18 ----

---- Procesamiento: 2025-09-10 23:11:19 ----

---- Procesamiento: 2025-09-10 23:11:19 ----

---- Procesamiento: 2025-09-10 23:11:19 ----

---- Procesamiento: 2025-09-10 23:11:19 ----

---- Procesamiento: 2025-09-10 23:11:19 ----

---- Procesamiento: 2025-09-10 23:11:20 ----

---- Procesamiento: 2025-09-10 23:11:20 ----

---- Procesamiento: 2025-09-10 23:11:20 ----

---- Procesamiento: 2025-09-10 23:11:20 ----

---- Procesamiento: 2025-09-10 23:11:20 ----

---- Procesamiento: 2025-09-10 23:11:21 ----

---- Procesamiento: 2025-09-10 23:11:21 ----

---- Procesamiento: 2025-09-10 23:11:21 ----

---- Procesamiento: 2025-09-10 23:11:21 ----

---- Procesamiento: 2025-09-10 23:11:21 ----

---- Procesamiento: 2025-09-10 23:11:22 ----

---- Procesamiento: 2025-09-10 23:11:22 ----

---- Procesamiento: 2025-09-10 23:11:22 ----

---- Procesamiento: 2025-09-10 23:11:22 ----

---- Procesamiento: 2025-09-10 23:11:22 ----

---- Procesamiento: 2025-09-10 23:11:23 ----

---- Procesamiento: 2025-09-10 23:11:23 ----

---- Procesamiento: 2025-09-10 23:11:23 ----

---- Procesamiento: 2025-09-10 23:11:23 ----

---- Procesamiento: 2025-09-10 23:11:23 ----

---- Procesamiento: 2025-09-10 23:11:24 ----

---- Procesamiento: 2025-09-10 23:12:28 ----

---- Procesamiento: 2025-09-10 23:12:28 ----

---- Procesamiento: 2025-09-10 23:12:29 ----

---- Procesamiento: 2025-09-10 23:12:29 ----

---- Procesamiento: 2025-09-10 23:12:29 ----

---- Procesamiento: 2025-09-10 23:12:29 ----

---- Procesamiento: 2025-09-10 23:12:29 ----

---- Procesamiento: 2025-09-10 23:12:30 ----

---- Procesamiento: 2025-09-10 23:12:30 ----

---- Procesamiento: 2025-09-10 23:12:30 ----

---- Procesamiento: 2025-09-10 23:12:30 ----

---- Procesamiento: 2025-09-10 23:12:30 ----

---- Procesamiento: 2025-09-10 23:12:31 ----

---- Procesamiento: 2025-09-10 23:12:31 ----

---- Procesamiento: 2025-09-10 23:12:31 ----

---- Procesamiento: 2025-09-10 23:12:31 ----

---- Procesamiento: 2025-09-10 23:12:31 ----

---- Procesamiento: 2025-09-10 23:12:32 ----

---- Procesamiento: 2025-09-10 23:12:32 ----

---- Procesamiento: 2025-09-10 23:12:32 ----

---- Procesamiento: 2025-09-10 23:12:32 ----

---- Procesamiento: 2025-09-10 23:12:33 ----

---- Procesamiento: 2025-09-10 23:12:33 ----

---- Procesamiento: 2025-09-10 23:12:33 ----

---- Procesamiento: 2025-09-10 23:12:33 ----

---- Procesamiento: 2025-09-10 23:12:33 ----

---- Procesamiento: 2025-09-10 23:12:34 ----

---- Procesamiento: 2025-09-10 23:12:34 ----

---- Procesamiento: 2025-09-10 23:12:34 ----

---- Procesamiento: 2025-09-10 23:12:34 ----

---- Procesamiento: 2025-09-10 23:12:35 ----

---- Procesamiento: 2025-09-10 23:12:35 ----

---- Procesamiento: 2025-09-10 23:12:35 ----

---- Procesamiento: 2025-09-10 23:12:35 ----

---- Procesamiento: 2025-09-10 23:12:36 ----

---- Procesamiento: 2025-09-10 23:12:36 ----

---- Procesamiento: 2025-09-10 23:12:36 ----

---- Procesamiento: 2025-09-10 23:12:36 ----

---- Procesamiento: 2025-09-10 23:12:36 ----

---- Procesamiento: 2025-09-10 23:12:37 ----

---- Procesamiento: 2025-09-10 23:12:37 ----

---- Procesamiento: 2025-09-10 23:12:37 ----

---- Procesamiento: 2025-09-10 23:12:37 ----

---- Procesamiento: 2025-09-10 23:12:37 ----

---- Procesamiento: 2025-09-10 23:12:38 ----

---- Procesamiento: 2025-09-10 23:12:38 ----

---- Procesamiento: 2025-09-10 23:12:38 ----

---- Procesamiento: 2025-09-10 23:12:38 ----

---- Procesamiento: 2025-09-10 23:12:39 ----

---- Procesamiento: 2025-09-10 23:12:39 ----

---- Procesamiento: 2025-09-10 23:12:39 ----

---- Procesamiento: 2025-09-10 23:12:39 ----

---- Procesamiento: 2025-09-10 23:12:39 ----

---- Procesamiento: 2025-09-10 23:12:40 ----

---- Procesamiento: 2025-09-10 23:12:40 ----

---- Procesamiento: 2025-09-10 23:12:40 ----

---- Procesamiento: 2025-09-10 23:12:40 ----

---- Procesamiento: 2025-09-10 23:12:40 ----

---- Procesamiento: 2025-09-10 23:12:41 ----

---- Procesamiento: 2025-09-10 23:12:41 ----

---- Procesamiento: 2025-09-10 23:12:41 ----

---- Procesamiento: 2025-09-10 23:12:41 ----

---- Procesamiento: 2025-09-10 23:12:41 ----

---- Procesamiento: 2025-09-10 23:12:42 ----

---- Procesamiento: 2025-09-10 23:12:42 ----

---- Procesamiento: 2025-09-10 23:12:42 ----

---- Procesamiento: 2025-09-10 23:12:43 ----

---- Procesamiento: 2025-09-10 23:12:43 ----

---- Procesamiento: 2025-09-10 23:12:43 ----

---- Procesamiento: 2025-09-10 23:12:44 ----

---- Procesamiento: 2025-09-10 23:12:44 ----

---- Procesamiento: 2025-09-10 23:12:44 ----

---- Procesamiento: 2025-09-10 23:12:45 ----

---- Procesamiento: 2025-09-10 23:12:45 ----

---- Procesamiento: 2025-09-10 23:12:45 ----

---- Procesamiento: 2025-09-10 23:12:45 ----

---- Procesamiento: 2025-09-10 23:12:45 ----

---- Procesamiento: 2025-09-10 23:12:45 ----

---- Procesamiento: 2025-09-10 23:12:46 ----

---- Procesamiento: 2025-09-10 23:12:46 ----

---- Procesamiento: 2025-09-10 23:12:46 ----

---- Procesamiento: 2025-09-10 23:12:46 ----

---- Procesamiento: 2025-09-10 23:12:47 ----

---- Procesamiento: 2025-09-10 23:12:47 ----

---- Procesamiento: 2025-09-10 23:12:47 ----

---- Procesamiento: 2025-09-10 23:12:47 ----

---- Procesamiento: 2025-09-10 23:12:47 ----

---- Procesamiento: 2025-09-10 23:12:48 ----

---- Procesamiento: 2025-09-10 23:12:48 ----

---- Procesamiento: 2025-09-10 23:12:48 ----

---- Procesamiento: 2025-09-10 23:12:48 ----

---- Procesamiento: 2025-09-10 23:12:48 ----

---- Procesamiento: 2025-09-10 23:12:49 ----

---- Procesamiento: 2025-09-10 23:12:49 ----

---- Procesamiento: 2025-09-10 23:12:49 ----

---- Procesamiento: 2025-09-10 23:12:49 ----

---- Procesamiento: 2025-09-10 23:12:50 ----

---- Procesamiento: 2025-09-10 23:12:50 ----

---- Procesamiento: 2025-09-10 23:12:50 ----

---- Procesamiento: 2025-09-10 23:12:50 ----

---- Procesamiento: 2025-09-10 23:12:50 ----

---- Procesamiento: 2025-09-10 23:12:51 ----

---- Procesamiento: 2025-09-10 23:12:51 ----

---- Procesamiento: 2025-09-10 23:12:51 ----

---- Procesamiento: 2025-09-10 23:12:52 ----

---- Procesamiento: 2025-09-10 23:12:52 ----

---- Procesamiento: 2025-09-10 23:12:52 ----

---- Procesamiento: 2025-09-10 23:12:52 ----

---- Procesamiento: 2025-09-10 23:12:52 ----

---- Procesamiento: 2025-09-10 23:12:53 ----

---- Procesamiento: 2025-09-10 23:12:53 ----

---- Procesamiento: 2025-09-10 23:12:53 ----

---- Procesamiento: 2025-09-10 23:12:53 ----

---- Procesamiento: 2025-09-10 23:12:54 ----

---- Procesamiento: 2025-09-10 23:12:54 ----

---- Procesamiento: 2025-09-10 23:12:54 ----

---- Procesamiento: 2025-09-10 23:12:54 ----

---- Procesamiento: 2025-09-10 23:12:54 ----

---- Procesamiento: 2025-09-10 23:12:55 ----

---- Procesamiento: 2025-09-10 23:12:55 ----

---- Procesamiento: 2025-09-10 23:12:55 ----

---- Procesamiento: 2025-09-10 23:12:55 ----

---- Procesamiento: 2025-09-10 23:12:55 ----

---- Procesamiento: 2025-09-10 23:12:56 ----

---- Procesamiento: 2025-09-10 23:12:56 ----

---- Procesamiento: 2025-09-10 23:12:56 ----

---- Procesamiento: 2025-09-10 23:12:56 ----

---- Procesamiento: 2025-09-10 23:12:56 ----

---- Procesamiento: 2025-09-10 23:12:57 ----

---- Procesamiento: 2025-09-10 23:12:57 ----

---- Procesamiento: 2025-09-10 23:12:57 ----

---- Procesamiento: 2025-09-10 23:12:57 ----

---- Procesamiento: 2025-09-10 23:12:58 ----

---- Procesamiento: 2025-09-10 23:12:58 ----

---- Procesamiento: 2025-09-10 23:12:58 ----

---- Procesamiento: 2025-09-10 23:12:58 ----

---- Procesamiento: 2025-09-10 23:12:58 ----

---- Procesamiento: 2025-09-10 23:12:59 ----

---- Procesamiento: 2025-09-10 23:12:59 ----

---- Procesamiento: 2025-09-10 23:12:59 ----

---- Procesamiento: 2025-09-10 23:12:59 ----

---- Procesamiento: 2025-09-10 23:12:59 ----

---- Procesamiento: 2025-09-10 23:13:00 ----

---- Procesamiento: 2025-09-10 23:13:00 ----

---- Procesamiento: 2025-09-10 23:13:00 ----

---- Procesamiento: 2025-09-10 23:13:00 ----

---- Procesamiento: 2025-09-10 23:13:01 ----

---- Procesamiento: 2025-09-10 23:13:01 ----

---- Procesamiento: 2025-09-10 23:13:01 ----

---- Procesamiento: 2025-09-10 23:13:01 ----

---- Procesamiento: 2025-09-10 23:13:01 ----

---- Procesamiento: 2025-09-10 23:13:02 ----

---- Procesamiento: 2025-09-10 23:13:02 ----

---- Procesamiento: 2025-09-10 23:13:03 ----

---- Procesamiento: 2025-09-10 23:13:03 ----

---- Procesamiento: 2025-09-10 23:13:03 ----

---- Procesamiento: 2025-09-10 23:13:04 ----

---- Procesamiento: 2025-09-10 23:13:04 ----

---- Procesamiento: 2025-09-10 23:13:04 ----

---- Procesamiento: 2025-09-10 23:13:05 ----

---- Procesamiento: 2025-09-10 23:13:05 ----

---- Procesamiento: 2025-09-10 23:13:05 ----

---- Procesamiento: 2025-09-10 23:13:06 ----

---- Procesamiento: 2025-09-10 23:13:06 ----

---- Procesamiento: 2025-09-10 23:13:06 ----

---- Procesamiento: 2025-09-10 23:13:06 ----

---- Procesamiento: 2025-09-10 23:13:07 ----

---- Procesamiento: 2025-09-10 23:13:07 ----

---- Procesamiento: 2025-09-10 23:13:07 ----

---- Procesamiento: 2025-09-10 23:13:07 ----

---- Procesamiento: 2025-09-10 23:13:08 ----

---- Procesamiento: 2025-09-10 23:13:08 ----

---- Procesamiento: 2025-09-10 23:13:08 ----

---- Procesamiento: 2025-09-10 23:13:08 ----

---- Procesamiento: 2025-09-10 23:13:09 ----

---- Procesamiento: 2025-09-10 23:13:09 ----

---- Procesamiento: 2025-09-10 23:13:09 ----

---- Procesamiento: 2025-09-10 23:13:09 ----

---- Procesamiento: 2025-09-10 23:13:10 ----

---- Procesamiento: 2025-09-10 23:13:10 ----

---- Procesamiento: 2025-09-10 23:13:10 ----

---- Procesamiento: 2025-09-10 23:13:10 ----

---- Procesamiento: 2025-09-10 23:13:11 ----

---- Procesamiento: 2025-09-10 23:13:11 ----

---- Procesamiento: 2025-09-10 23:13:11 ----

---- Procesamiento: 2025-09-10 23:13:11 ----

---- Procesamiento: 2025-09-10 23:13:12 ----

---- Procesamiento: 2025-09-10 23:13:12 ----

---- Procesamiento: 2025-09-10 23:13:12 ----

---- Procesamiento: 2025-09-10 23:13:13 ----

---- Procesamiento: 2025-09-10 23:13:13 ----

---- Procesamiento: 2025-09-10 23:13:13 ----

---- Procesamiento: 2025-09-10 23:13:14 ----

---- Procesamiento: 2025-09-10 23:13:14 ----

---- Procesamiento: 2025-09-10 23:13:14 ----

---- Procesamiento: 2025-09-10 23:13:14 ----

---- Procesamiento: 2025-09-10 23:13:15 ----

---- Procesamiento: 2025-09-10 23:13:15 ----

---- Procesamiento: 2025-09-10 23:13:15 ----

---- Procesamiento: 2025-09-10 23:13:16 ----

---- Procesamiento: 2025-09-10 23:13:16 ----

---- Procesamiento: 2025-09-10 23:13:16 ----

---- Procesamiento: 2025-09-10 23:13:16 ----
